<skeleton>
    <bones>
        <bone id="0" name="Bone001">
            <position x="0" y="0.00663532" z="-8.01794e-009" />
            <rotation angle="3.14769">
                <axis x="3.64755e-010" y="-8.14603e-008" z="-1" />
            </rotation>
        </bone>
    </bones>
    <bonehierarchy />
    <animations>
        <animation name="effect" length="0.333333">
            <tracks>
                <track bone="Bone001">
                    <keyframes>
                        <keyframe time="0">
                            <translate x="0" y="0" z="0" />
                            <rotate angle="6.28319">
                                <axis x="0" y="0" z="1" />
                            </rotate>
                            <scale x="0" y="0.5" z="1" />
                        </keyframe>
                        <keyframe time="0.333333">
                            <translate x="0" y="0" z="0" />
                            <rotate angle="6.28319">
                                <axis x="-0.00074016" y="0.242533" z="-0.970143" />
                            </rotate>
                            <scale x="17" y="1" z="1" />
                        </keyframe>
                    </keyframes>
                </track>
            </tracks>
        </animation>
    </animations>
</skeleton>
