<skeleton>
    <bones>
        <bone id="0" name="Bone001">
            <position x="0" y="-9.87513e-016" z="-6.06131e-009" />
            <rotation angle="3.14345">
                <axis x="1.62984e-007" y="-2.18557e-008" z="-1" />
            </rotation>
        </bone>
    </bones>
    <bonehierarchy />
    <animations>
        <animation name="effect" length="0.333333">
            <tracks>
                <track bone="Bone001">
                    <keyframes>
                        <keyframe time="0">
                            <translate x="0" y="0" z="0" />
                            <rotate angle="6.28319">
                                <axis x="3.05176e-005" y="1.77614e-015" z="-1" />
                            </rotate>
                        </keyframe>
                        <keyframe time="0.333333">
                            <translate x="0" y="0" z="0" />
                            <rotate angle="6.28319">
                                <axis x="3.05176e-005" y="1.77614e-015" z="-1" />
                            </rotate>
                            <scale x="1.5" y="1.5" z="1" />
                        </keyframe>
                    </keyframes>
                </track>
            </tracks>
        </animation>
    </animations>
</skeleton>
