<skeleton>
    <bones>
        <bone id="0" name="Bone001">
            <position x="0" y="-2.28089e-007" z="-1.4" />
            <rotation angle="2.09874">
                <axis x="-0.574456" y="-0.578792" z="-0.578792" />
            </rotation>
        </bone>
    </bones>
    <bonehierarchy />
    <animations>
        <animation name="effect" length="1">
            <tracks>
                <track bone="Bone001">
                    <keyframes>
                        <keyframe time="0">
                            <translate x="0" y="0" z="0" />
                            <rotate angle="0">
                                <axis x="1" y="0" z="0" />
                            </rotate>
				<scale x="2" y="1.3" z="1" />
                        </keyframe>
                        <keyframe time="0.0333333">
                            <translate x="0" y="0" z="0" />
                            <rotate angle="6.10726">
                                <axis x="-0" y="-0" z="-1" />
                            </rotate>
				<scale x="2" y="1.3" z="1" />
                        </keyframe>
                        <keyframe time="0.0666667">
                            <translate x="0" y="0" z="0" />
                            <rotate angle="5.62973">
                                <axis x="-0" y="-0" z="-1" />
                            </rotate>
				<scale x="2" y="1.3" z="1" />
                        </keyframe>
                        <keyframe time="0.1">
                            <translate x="0" y="0" z="0" />
                            <rotate angle="4.92602">
                                <axis x="-0" y="-0" z="-1" />
                            </rotate>
				<scale x="2" y="1.3" z="1" />
                        </keyframe>
                        <keyframe time="0.133333">
                            <translate x="0" y="0" z="0" />
                            <rotate angle="4.0715">
                                <axis x="-0" y="-0" z="-1" />
                            </rotate>
				<scale x="2" y="1.3" z="1" />
                        </keyframe>
                        <keyframe time="0.166667">
                            <translate x="0" y="0" z="0" />
                            <rotate angle="3.14159">
                                <axis x="-0" y="-0" z="-1" />
                            </rotate>
				<scale x="2" y="1.3" z="1" />
                        </keyframe>
                        <keyframe time="0.2">
                            <translate x="0" y="0" z="0" />
                            <rotate angle="2.21168">
                                <axis x="-0" y="-0" z="-1" />
                            </rotate>
				<scale x="2" y="1.3" z="1" />
                        </keyframe>
                        <keyframe time="0.233333">
                            <translate x="0" y="0" z="0" />
                            <rotate angle="4.92602">
                                <axis x="-0" y="-0" z="1" />
                            </rotate>
				<scale x="2" y="1.3" z="1" />
                        </keyframe>
                        <keyframe time="0.266667">
                            <translate x="0" y="0" z="0" />
                            <rotate angle="5.62973">
                                <axis x="-0" y="-0" z="1" />
                            </rotate>
				<scale x="2" y="1.3" z="1" />
                        </keyframe>
                        <keyframe time="0.3">
                            <translate x="0" y="0" z="0" />
                            <rotate angle="6.10726">
                                <axis x="-0" y="-0" z="1" />
                            </rotate>
				<scale x="2" y="1.3" z="1" />
                        </keyframe>
                        <keyframe time="0.333333">
                            <translate x="0" y="0" z="0" />
                            <rotate angle="6.28319">
                                <axis x="0" y="0" z="-1" />
                            </rotate>
				<scale x="2" y="1.3" z="1" />
                        </keyframe>
                        <keyframe time="0.366667">
                            <translate x="0" y="0" z="0" />
                            <rotate angle="0">
                                <axis x="1" y="0" z="0" />
                            </rotate>
				<scale x="2" y="1.3" z="1" />
                        </keyframe>
                        <keyframe time="0.4">
                            <translate x="0" y="0" z="0" />
                            <rotate angle="6.10726">
                                <axis x="-0" y="-0" z="-1" />
                            </rotate>
				<scale x="2" y="1.3" z="1" />
                        </keyframe>
                        <keyframe time="0.433333">
                            <translate x="0" y="0" z="0" />
                            <rotate angle="5.62973">
                                <axis x="-0" y="-0" z="-1" />
                            </rotate>
				<scale x="2" y="1.3" z="1" />
                        </keyframe>
                        <keyframe time="0.466667">
                            <translate x="0" y="0" z="0" />
                            <rotate angle="4.92602">
                                <axis x="-0" y="-0" z="-1" />
                            </rotate>
				<scale x="2" y="1.3" z="1" />
                        </keyframe>
                        <keyframe time="0.5">
                            <translate x="0" y="0" z="0" />
                            <rotate angle="4.0715">
                                <axis x="-0" y="-0" z="-1" />
                            </rotate>
				<scale x="2" y="1.3" z="1" />
                        </keyframe>
                        <keyframe time="0.533333">
                            <translate x="0" y="0" z="0" />
                            <rotate angle="3.14159">
                                <axis x="-0" y="-0" z="-1" />
                            </rotate>
				<scale x="2" y="1.3" z="1" />
                        </keyframe>
                        <keyframe time="0.566667">
                            <translate x="0" y="0" z="0" />
                            <rotate angle="2.21168">
                                <axis x="-0" y="-0" z="-1" />
                            </rotate>
				<scale x="2" y="1.3" z="1" />
                        </keyframe>
                        <keyframe time="0.6">
                            <translate x="0" y="0" z="0" />
                            <rotate angle="4.92602">
                                <axis x="-0" y="-0" z="1" />
                            </rotate>
				<scale x="2" y="1.3" z="1" />
                        </keyframe>
                        <keyframe time="0.633333">
                            <translate x="0" y="0" z="0" />
                            <rotate angle="5.62973">
                                <axis x="-0" y="-0" z="1" />
                            </rotate>
				<scale x="2" y="1.3" z="1" />
                        </keyframe>
                        <keyframe time="0.666667">
                            <translate x="0" y="0" z="0" />
                            <rotate angle="6.10726">
                                <axis x="-0" y="-0" z="1" />
                            </rotate>
				<scale x="2" y="1.3" z="1" />
                        </keyframe>
                        <keyframe time="0.7">
                            <translate x="0" y="0" z="0" />
                            <rotate angle="6.28319">
                                <axis x="0" y="0" z="-1" />
                            </rotate>
				<scale x="2" y="1.3" z="1" />
                        </keyframe>
                        <keyframe time="0.733333">
                            <translate x="0" y="0" z="0" />
                            <rotate angle="0">
                                <axis x="1" y="0" z="0" />
                            </rotate>
				<scale x="2" y="1.3" z="1" />
                        </keyframe>
                        <keyframe time="0.766667">
                            <translate x="0" y="0" z="0" />
                            <rotate angle="6.10726">
                                <axis x="-0" y="-0" z="-1" />
                            </rotate>
				<scale x="2" y="1.3" z="1" />
                        </keyframe>
                        <keyframe time="0.8">
                            <translate x="0" y="0" z="0" />
                            <rotate angle="5.62973">
                                <axis x="-0" y="-0" z="-1" />
                            </rotate>
				<scale x="2" y="1.3" z="1" />
                        </keyframe>
                        <keyframe time="0.833333">
                            <translate x="0" y="0" z="0" />
                            <rotate angle="4.92602">
                                <axis x="-0" y="-0" z="-1" />
                            </rotate>
				<scale x="2" y="1.3" z="1" />
                        </keyframe>
                        <keyframe time="0.866667">
                            <translate x="0" y="0" z="0" />
                            <rotate angle="4.0715">
                                <axis x="-0" y="-0" z="-1" />
                            </rotate>
				<scale x="2" y="1.3" z="1" />
                        </keyframe>
                        <keyframe time="0.9">
                            <translate x="0" y="0" z="0" />
                            <rotate angle="3.14159">
                                <axis x="-0" y="-0" z="-1" />
                            </rotate>
				<scale x="2" y="1.3" z="1" />
                        </keyframe>
                        <keyframe time="0.933333">
                            <translate x="0" y="0" z="0" />
                            <rotate angle="2.21168">
                                <axis x="-0" y="-0" z="-1" />
                            </rotate>
				<scale x="2" y="1.3" z="1" />
                        </keyframe>
                        <keyframe time="0.966667">
                            <translate x="0" y="0" z="0" />
                            <rotate angle="4.92602">
                                <axis x="-0" y="-0" z="1" />
                            </rotate>
				<scale x="2" y="1.3" z="1" />
                        </keyframe>
                        <keyframe time="1">
                            <translate x="0" y="0" z="0" />
                            <rotate angle="5.62973">
                                <axis x="-0" y="-0" z="1" />
                            </rotate>
				<scale x="2" y="1.3" z="1" />
                        </keyframe>
                    </keyframes>
                </track>
            </tracks>
        </animation>
    </animations>
</skeleton>
